observation_date,CPI,IP,MB,M1,M2
1/1/1970,37.9,39.0743,62.218,206.2,589.6
2/1/1970,38.1,39.0485,62.405,205,586.3
3/1/1970,38.3,38.9978,62.53,205.7,587.3
4/1/1970,38.5,38.8975,63.059,206.7,588.4
5/1/1970,38.6,38.8522,63.458,207.2,591.5
6/1/1970,38.8,38.7265,63.724,207.6,595.2
7/1/1970,38.9,38.8216,64.074,208,599.1
8/1/1970,39,38.7524,64.539,209.9,604.9
9/1/1970,39.2,38.4852,65.164,211.8,611.2
10/1/1970,39.4,37.7154,65.466,212.9,616.4
11/1/1970,39.6,37.487,65.743,213.7,621.1
12/1/1970,39.8,38.3479,66.215,214.4,626.5
1/1/1971,39.9,38.6429,66.652,215.5,632.9
2/1/1971,39.9,38.5692,67.259,217.4,641
3/1/1971,40,38.5274,67.657,218.8,649.9
4/1/1971,40.1,38.7438,67.938,220,658.4
5/1/1971,40.3,38.9404,68.574,222,666.7
6/1/1971,40.5,39.1037,68.972,223.5,673
7/1/1971,40.6,38.9902,69.533,224.9,679.6
8/1/1971,40.7,38.7639,69.89,225.6,685.5
9/1/1971,40.8,39.3939,70.388,226.5,692.5
10/1/1971,40.9,39.6888,70.488,227.2,698.4
11/1/1971,41,39.8572,70.889,227.8,704.6
12/1/1971,41.1,40.3174,71.023,228.3,710.3
1/1/1972,41.2,41.2866,71.548,230.1,717.7
2/1/1972,41.4,41.68,72.325,232.3,725.7
3/1/1972,41.4,41.9758,72.529,234.3,733.5
4/1/1972,41.5,42.4207,72.951,235.6,738.4
5/1/1972,41.6,42.3956,73.345,235.9,743.3
6/1/1972,41.7,42.5178,73.903,236.6,749.7
7/1/1972,41.8,42.5004,74.291,238.8,759.5
8/1/1972,41.9,43.0644,74.847,240.9,768.7
9/1/1972,42.1,43.3948,75.154,243.2,778.3
10/1/1972,42.2,43.9709,75.935,245,786.9
11/1/1972,42.4,44.4866,76.45,246.4,793.9
12/1/1972,42.5,45,77.044,249.2,802.3
1/1/1973,42.7,45.2914,77.932,251.5,810.3
2/1/1973,43,45.9647,78.261,252.2,814.1
3/1/1973,43.4,45.9868,79.095,251.7,815.3
4/1/1973,43.7,45.9274,79.638,252.7,819.7
5/1/1973,43.9,46.2184,79.957,254.9,826.8
6/1/1973,44.2,46.2516,80.382,256.7,833.3
7/1/1973,44.2,46.4427,81.463,257.5,836.5
8/1/1973,45,46.3634,81.581,257.7,838.8
9/1/1973,45.2,46.7782,82.017,257.9,839.3
10/1/1973,45.6,47.0944,82.657,259,842.6
11/1/1973,45.9,47.3422,82.956,261,848.9
12/1/1973,46.3,47.2312,83.477,262.9,855.5
1/1/1974,46.8,46.9002,84.282,263.8,859.7
2/1/1974,47.3,46.7547,85.016,265.3,864.2
3/1/1974,47.8,46.768,85.389,266.7,870.1
4/1/1974,48.1,46.6012,86.46,267.2,872.9
5/1/1974,48.6,46.9779,87.077,267.6,874.6
6/1/1974,49,46.9246,87.645,268.5,877.8
7/1/1974,49.3,46.9465,88.329,269.3,881.4
8/1/1974,49.9,46.4902,88.66,270.1,884.1
9/1/1974,50.6,46.5124,89.357,271,887.9
10/1/1974,51,46.3395,89.947,272.3,893.3
11/1/1974,51.5,44.8159,90.584,273.7,898.6
12/1/1974,51.9,43.2364,91.442,274.2,902.1
1/1/1975,52.3,42.6437,91.047,273.9,906.3
2/1/1975,52.6,41.6572,92.024,275,914.1
3/1/1975,52.8,41.213,92.522,276.4,925
4/1/1975,53,41.2483,92.725,276.2,935.1
5/1/1975,53.1,41.154,92.701,279.2,947.9
6/1/1975,53.5,41.4216,94.533,282.4,963
7/1/1975,54,41.8198,94.297,283.7,975.1
8/1/1975,54.2,42.2548,94.71,284.1,983.1
9/1/1975,54.6,42.7754,95.224,285.7,991.5
10/1/1975,54.9,42.97,95.332,285.4,997.8
11/1/1975,55.3,43.0627,96.17,286.8,1006.9
12/1/1975,55.6,43.5959,96.743,287.1,1016.2
1/1/1976,55.8,44.2338,96.296,288.4,1026.6
2/1/1976,55.9,44.6687,97.394,290.8,1040.3
3/1/1976,56,44.7103,98.253,292.7,1050
4/1/1976,56.1,44.9525,98.848,294.7,1060.8
5/1/1976,56.4,45.1731,99.362,295.9,1072.1
6/1/1976,56.7,45.1831,99.995,296.2,1077.6
7/1/1976,57,45.4519,100.099,297.2,1086.3
8/1/1976,57.3,45.7737,100.935,299,1098.7
9/1/1976,57.6,45.9055,101.347,299.6,1110.8
10/1/1976,57.9,45.922,101.812,302,1125
11/1/1976,58.1,46.6016,102.678,303.6,1138.2
12/1/1976,58.4,47.0857,102.95,306.2,1152
1/1/1977,58.7,46.8261,103.827,308.3,1165.2
2/1/1977,59.3,47.5387,104.246,311.5,1177.6
3/1/1977,59.6,48.1302,105.145,313.9,1188.5
4/1/1977,60,48.578,105.912,316,1199.6
5/1/1977,60.2,48.9881,106.376,317.2,1209
6/1/1977,60.5,49.3428,106.999,318.8,1217.8
7/1/1977,60.8,49.4131,108.215,320.2,1226.7
8/1/1977,61.1,49.4274,108.949,322.3,1237
9/1/1977,61.3,49.6665,109.444,324.5,1246.2
10/1/1977,61.6,49.7589,110.383,326.4,1254
11/1/1977,62,49.8149,110.98,328.6,1262.4
12/1/1977,62.3,49.8936,112.061,330.9,1270.3
1/1/1978,62.7,49.2047,112.896,334.4,1279.7
2/1/1978,63,49.4519,114.053,335.3,1285.5
3/1/1978,63.4,50.392,114.495,337,1292.2
4/1/1978,63.9,51.4438,115.321,339.9,1300.4
5/1/1978,64.5,51.6239,116.465,344.9,1310.5
6/1/1978,65,51.9809,117.484,346.9,1318.5
7/1/1978,65.5,51.9572,118.336,347.6,1324.1
8/1/1978,65.9,52.1531,118.7,349.6,1333.5
9/1/1978,66.5,52.2862,119.661,352.2,1345
10/1/1978,67.1,52.7031,120.706,353.3,1352.3
11/1/1978,67.5,53.1001,121.34,355.4,1359.1
12/1/1978,67.9,53.3889,121.816,357.3,1366
1/1/1979,68.5,53.0435,122.568,358.6,1371.6
2/1/1979,69.2,53.3331,122.828,359.9,1377.8
3/1/1979,69.9,53.4972,123.489,362.5,1387.8
4/1/1979,70.6,52.8947,124.248,368,1402.1
5/1/1979,71.4,53.3176,124.787,369.6,1410.2
6/1/1979,72.2,53.3158,125.714,373.4,1423
7/1/1979,73,53.2432,126.749,377.2,1434.8
8/1/1979,73.7,52.8891,127.707,378.8,1446.6
9/1/1979,74.4,52.9468,128.679,379.3,1454.1
10/1/1979,75.2,53.2382,129.984,380.8,1460.4
11/1/1979,76,53.1886,130.386,380.8,1465.9
12/1/1979,76.9,53.2612,131.347,381.8,1473.7
1/1/1980,78,53.5021,132.113,385.8,1482.7
2/1/1980,79,53.5079,133.086,390.1,1494.6
3/1/1980,80.1,53.3284,134.115,388.4,1499.8
4/1/1980,80.9,52.2375,134.248,383.8,1502.2
5/1/1980,81.7,50.9676,134.692,384.8,1512.3
6/1/1980,82.5,50.3335,135.718,389.1,1529.2
7/1/1980,82.6,49.9417,136.828,394,1545.5
8/1/1980,83.2,50.1226,138.195,399.2,1561.5
9/1/1980,83.9,50.9338,139.363,404.8,1574
10/1/1980,84.7,51.5801,140.501,409,1584.8
11/1/1980,85.6,52.4731,141.763,410.7,1595.8
12/1/1980,86.4,52.7676,141.483,408.5,1599.8
1/1/1981,87.2,52.4688,140.88,411.3,1606.9
2/1/1981,88,52.2219,142.389,414.8,1618.7
3/1/1981,88.6,52.5009,143.278,419,1636.6
4/1/1981,89.1,52.2665,144.653,427.4,1659.2
5/1/1981,89.7,52.5783,145.223,424.7,1664.2
6/1/1981,90.5,52.8272,145.37,425.2,1670.3
7/1/1981,91.5,53.1722,146.519,426.9,1681.9
8/1/1981,92.2,53.1672,147.104,426.9,1694.3
9/1/1981,93.1,52.8548,147.54,427,1706
10/1/1981,93.4,52.4951,147.647,428.4,1721.8
11/1/1981,93.8,51.8972,148.72,431.3,1736.1
12/1/1981,94.1,51.3277,150.002,436.7,1755.5
1/1/1982,94.4,50.3077,150.825,442.7,1770.4
2/1/1982,94.7,51.2996,151.882,441.9,1774.5
3/1/1982,94.7,50.9105,152.092,442.7,1786.5
4/1/1982,95,50.459,153.415,447.1,1803.9
5/1/1982,95.9,50.1366,154.545,446.7,1815.4
6/1/1982,97,49.969,155.472,447.5,1826
7/1/1982,97.5,49.8127,156.2,448,1831.5
8/1/1982,97.7,49.378,157.422,451.4,1845.2
9/1/1982,97.7,49.2276,158.832,456.9,1858.4
10/1/1982,98.1,48.785,160.469,464.5,1869.7
11/1/1982,98,48.5953,161.788,471.5,1883.7
12/1/1982,97.7,48.2401,163.019,474.8,1905.9
1/1/1983,97.9,49.1748,163.623,477.2,1959.4
2/1/1983,98,48.8671,165.966,484.3,1996.8
3/1/1983,98.1,49.2655,167.892,490.6,2015.2
4/1/1983,98.8,49.8681,169.626,493.2,2028.6
5/1/1983,99.2,50.207,171.143,500,2043.1
6/1/1983,99.4,50.508,172.337,504,2053.5
7/1/1983,99.8,51.274,173.782,507.8,2064.8
8/1/1983,100.1,51.8458,175.233,510.5,2074
9/1/1983,100.4,52.6317,176.357,512.8,2083.2
10/1/1983,100.8,53.0647,178.345,517.2,2099.3
11/1/1983,101.1,53.2564,179.565,519,2112.3
12/1/1983,101.4,53.5313,180.178,521.4,2123.5
1/1/1984,102.1,54.5975,182.203,525.1,2138.2
2/1/1984,102.6,54.8377,182.993,527.5,2158.2
3/1/1984,102.9,55.1047,184.717,531.4,2175.2
4/1/1984,103.3,55.4593,186.015,535,2191.7
5/1/1984,103.5,55.7123,187.117,536.7,2204.1
6/1/1984,103.7,55.9079,188.185,540.2,2215.1
7/1/1984,104.1,56.0852,189.155,540.9,2223.5
8/1/1984,104.4,56.1353,189.457,541,2230.4
9/1/1984,104.7,56.034,190.575,543.1,2244.4
10/1/1984,105.1,55.9427,190.615,543.7,2258.9
11/1/1984,105.3,56.1631,192.062,547.5,2281.4
12/1/1984,105.5,56.2299,192.726,551.6,2306.4
1/1/1985,105.7,56.1365,193.789,557,2332.4
2/1/1985,106.3,56.3356,194.955,563.6,2354.1
3/1/1985,106.8,56.4232,196.346,566.6,2366.2
4/1/1985,107,56.2716,197.045,570.4,2375.4
5/1/1985,107.2,56.3525,198.914,575.1,2389.5
6/1/1985,107.5,56.3903,200.987,582.3,2412.6
7/1/1985,107.7,56.0242,202.507,589.1,2429.5
8/1/1985,107.9,56.2533,204.311,596.2,2444
9/1/1985,108.1,56.4939,206.303,603.3,2456.4
10/1/1985,108.5,56.261,207.45,607.8,2468
11/1/1985,109,56.4503,208.18,612.2,2477.8
12/1/1985,109.5,57.0454,211.081,619.8,2492.1
1/1/1986,109.9,57.3112,210.474,621.4,2502.1
2/1/1986,109.7,56.9304,211.126,625.2,2512.9
3/1/1986,109.1,56.5414,213.741,633.5,2533.1
4/1/1986,108.7,56.5654,215.304,641,2557.8
5/1/1986,109,56.685,217.379,652,2584.8
6/1/1986,109.4,56.4959,219.483,660.6,2605
7/1/1986,109.5,56.8096,221.32,670.3,2626.6
8/1/1986,109.6,56.7348,223.441,678.7,2646.5
9/1/1986,110,56.8483,224.95,687.4,2667.8
10/1/1986,110.2,57.1179,226.622,694.9,2687.4
11/1/1986,110.4,57.3826,229.329,705.4,2701.3
12/1/1986,110.8,57.8627,232.33,724.7,2728
1/1/1987,111.4,57.6873,233.828,730.2,2743.9
2/1/1987,111.8,58.4361,236.149,730.7,2747.5
3/1/1987,112.2,58.5202,235.28,733.8,2753.7
4/1/1987,112.7,58.8852,237.849,743.9,2767.7
5/1/1987,113,59.2656,241.161,745.8,2772.9
6/1/1987,113.5,59.5423,240.355,743.2,2774.6
7/1/1987,113.8,59.956,241.027,743,2779
8/1/1987,114.3,60.4517,243.026,744.9,2788.2
9/1/1987,114.7,60.6087,243.743,747.6,2799.5
10/1/1987,115,61.4886,247.094,756.2,2814.8
11/1/1987,115.4,61.8151,247.581,753.2,2818.9
12/1/1987,115.6,62.1113,248.728,750.2,2826.4
1/1/1988,116,62.1393,250.899,756.2,2847.4
2/1/1988,116.2,62.41,251.462,757.7,2870.4
3/1/1988,116.5,62.5464,251.793,761.8,2890.7
4/1/1988,117.2,62.8992,256.234,768.1,2910.7
5/1/1988,117.5,62.8182,256.663,771.7,2926
6/1/1988,118,62.9776,258.629,778.3,2938.4
7/1/1988,118.5,63.004,261.196,781.4,2947.2
8/1/1988,119,63.2781,261.709,783.3,2952
9/1/1988,119.5,63.108,262.919,783.7,2956.9
10/1/1988,119.9,63.4145,264.159,783.3,2965.3
11/1/1988,120.3,63.5171,265.708,784.9,2980.2
12/1/1988,120.7,63.8207,266.117,786.7,2988.2
1/1/1989,121.2,64.0114,267.336,785.7,2991.7
2/1/1989,121.6,63.7241,265.972,783.8,2992.2
3/1/1989,122.2,63.8694,268.272,783,2999.7
4/1/1989,123.1,63.9217,269.287,779.2,3006
5/1/1989,123.7,63.4806,269.808,775,3011.6
6/1/1989,124.1,63.5122,270.697,773.5,3027.9
7/1/1989,124.5,62.9479,271.983,777.8,3052.4
8/1/1989,124.5,63.5199,271.914,779.4,3074.4
9/1/1989,124.8,63.2966,272.604,781,3092.5
10/1/1989,125.4,63.2481,274.222,786.6,3114.1
11/1/1989,125.9,63.4576,275.032,787.9,3133.3
12/1/1989,126.3,63.8477,276.953,792.9,3152.5
1/1/1990,127.5,63.4171,278.594,795.4,3166.8
2/1/1990,128,64.0517,279.376,798.1,3179.2
3/1/1990,128.6,64.3607,281.84,801.5,3190.1
4/1/1990,128.9,64.2562,285.183,806.1,3201.6
5/1/1990,129.1,64.3971,286.238,804.2,3200.6
6/1/1990,129.9,64.6064,289.273,808.8,3213.7
7/1/1990,130.5,64.5289,290.586,810.1,3224.5
8/1/1990,131.6,64.7258,293.961,815.7,3242
9/1/1990,132.5,64.8148,297.191,820.2,3254.6
10/1/1990,133.4,64.3264,298.746,819.9,3259.3
11/1/1990,133.7,63.5713,300.742,822.1,3262.6
12/1/1990,134.2,63.1589,304.07,824.7,3271.8
1/1/1991,134.7,62.8801,306.308,827.2,3287.7
2/1/1991,134.8,62.452,309.768,832.6,3304.5
3/1/1991,134.8,62.12,312.609,838.7,3321.9
4/1/1991,135.1,62.25,313.545,843.1,3332.4
5/1/1991,135.6,62.8714,315.559,848.8,3343
6/1/1991,136,63.4441,316.904,856.7,3351.9
7/1/1991,136.2,63.5106,319.196,861.6,3356.1
8/1/1991,136.6,63.5623,320.501,866.8,3355
9/1/1991,137,64.1234,322.32,869.7,3354.9
10/1/1991,137.2,64.0179,324.084,878,3360.1
11/1/1991,137.8,63.9427,326.8,887.6,3365.5
12/1/1991,138.2,63.6923,330.553,897,3372.2
1/1/1992,138.3,63.3372,331.412,910.4,3381.2
2/1/1992,138.6,63.7864,333.981,925.2,3400
3/1/1992,139.1,64.3199,337.468,936.7,3403.9
4/1/1992,139.4,64.8069,340.151,943.8,3399.7
5/1/1992,139.7,65.0202,343.243,950.6,3398.6
6/1/1992,140.1,65.0309,344.452,954.3,3393.4
7/1/1992,140.5,65.6155,347.575,963.3,3393.9
8/1/1992,140.8,65.2948,351.806,973.7,3398.8
9/1/1992,141.1,65.4461,356.183,988,3410.3
10/1/1992,141.7,65.9387,359.975,1003.7,3423.8
11/1/1992,142.1,66.2219,363.722,1015.7,3426.5
12/1/1992,142.3,66.2778,365.544,1024.9,3424.7
1/1/1993,142.8,66.565,368.084,1030.4,3419.1
2/1/1993,143.1,66.8562,371.289,1033.5,3414.5
3/1/1993,143.3,66.7661,373.391,1038.4,3411.7
4/1/1993,143.8,66.9976,376.826,1047.6,3411.3
5/1/1993,144.2,66.7645,380.84,1065.9,3436.9
6/1/1993,144.3,66.8782,384.829,1075.1,3442.4
7/1/1993,144.5,67.0843,387.72,1084.6,3442
8/1/1993,144.8,67.0144,391.204,1094.2,3445.7
9/1/1993,145,67.3337,396.451,1104.2,3452.2
10/1/1993,145.6,67.8513,400.929,1113.1,3456.7
11/1/1993,146,68.1384,402.665,1124.1,3470.1
12/1/1993,146.3,68.5029,405.32,1129.6,3474.5
1/1/1994,146.3,68.7602,409.033,1131.6,3474.9
2/1/1994,146.7,68.7808,413.183,1136.3,3475.7
3/1/1994,147.1,69.4762,415.647,1140.1,3480.1
4/1/1994,147.2,69.8715,418.864,1141.1,3481.3
5/1/1994,147.5,70.2259,420.63,1143.3,3490.8
6/1/1994,147.9,70.6759,423.468,1145.2,3479.5
7/1/1994,148.4,70.7851,427.291,1150.7,3488.2
8/1/1994,149,71.2069,428.248,1150.6,3485.7
9/1/1994,149.3,71.4768,430.036,1151.9,3486.1
10/1/1994,149.4,72.0827,432.825,1150.2,3484.3
11/1/1994,149.8,72.5328,434.594,1150.9,3487.2
12/1/1994,150.1,73.2862,434.788,1150.7,3486.4
1/1/1995,150.5,73.4173,437.433,1151.4,3492.4
2/1/1995,150.9,73.3112,438.536,1147.4,3489.9
3/1/1995,151.2,73.4086,442.55,1146.7,3491.1
4/1/1995,151.8,73.3603,445.738,1149.3,3499.2
5/1/1995,152.1,73.6079,448.642,1145.3,3524.2
6/1/1995,152.4,73.8595,448.699,1144.2,3548.9
7/1/1995,152.6,73.5675,449.192,1145.5,3567.4
8/1/1995,152.9,74.4969,450.953,1145.4,3589
9/1/1995,153.1,74.7941,451.922,1142,3602.1
10/1/1995,153.5,74.7015,453.234,1137.3,3613.4
11/1/1995,153.7,74.8864,453.333,1134.1,3619.9
12/1/1995,153.9,75.1739,455.109,1127.5,3629.5
1/1/1996,154.7,74.6833,456.905,1123.5,3647.9
2/1/1996,155,75.8433,455.39,1118.5,3661.9
3/1/1996,155.5,75.7631,459.73,1122.6,3687
4/1/1996,156.1,76.4596,460.272,1124.8,3697.8
5/1/1996,156.4,77.0169,462.094,1116.5,3709.7
6/1/1996,156.7,77.6676,464.418,1115.2,3722.7
7/1/1996,157,77.5653,467.196,1112.4,3737.3
8/1/1996,157.2,78.0121,469.842,1101.6,3744.3
9/1/1996,157.7,78.5488,472.09,1096.2,3753.7
10/1/1996,158.2,78.506,473.726,1085.7,3771
11/1/1996,158.7,79.1955,475.518,1083.5,3790.2
12/1/1996,159.1,79.7144,479.042,1081.3,3810.5
1/1/1997,159.4,79.8239,480.873,1081.2,3824.8
2/1/1997,159.7,80.7816,483.285,1078.8,3836.4
3/1/1997,159.8,81.3388,485.066,1072.5,3851.3
4/1/1997,159.9,81.3611,488.015,1063.9,3867.4
5/1/1997,159.9,81.8326,489.756,1063.8,3879.2
6/1/1997,160.2,82.2309,490.995,1066.1,3896
7/1/1997,160.4,82.85,494.528,1065.5,3913.9
8/1/1997,160.8,83.7172,497.406,1075.3,3947.5
9/1/1997,161.2,84.4629,499.075,1066.9,3963.2
10/1/1997,161.5,85.1968,502.162,1065.6,3982.3
11/1/1997,161.7,85.9458,506.079,1070.9,4004.8
12/1/1997,161.8,86.2054,509.573,1072.3,4023
1/1/1998,162,86.6558,512.028,1074,4046.3
2/1/1998,162,86.7556,513.839,1077.8,4079
3/1/1998,162,86.8196,517.004,1076.9,4104.6
4/1/1998,162.2,87.1345,519.258,1076.5,4130.3
5/1/1998,162.6,87.6936,519.728,1079.1,4154.2
6/1/1998,162.8,87.1421,522.705,1076.3,4174.1
7/1/1998,163.2,86.8414,523.199,1075.1,4193.8
8/1/1998,163.4,88.6266,526.6,1075.9,4218.8
9/1/1998,163.5,88.4562,531.331,1079.9,4257.7
10/1/1998,163.9,89.1686,536.004,1086,4297.8
11/1/1998,164.1,89.1127,538.87,1094.9,4336.8
12/1/1998,164.4,89.4388,541.643,1095,4365.7
1/1/1999,164.7,89.8617,547.143,1098.1,4393.1
2/1/1999,164.7,90.3253,551.626,1096.7,4415.8
3/1/1999,164.8,90.4709,555.875,1096.6,4422.7
4/1/1999,165.9,90.7285,558.941,1101.6,4451.3
5/1/1999,166,91.3499,565.079,1103.8,4475.5
6/1/1999,166,91.199,567.568,1099.8,4497.3
7/1/1999,166.7,91.7767,569.079,1099.1,4524.6
8/1/1999,167.1,92.1675,572.503,1099.2,4541.8
9/1/1999,167.8,91.7812,580.197,1096.5,4557.9
10/1/1999,168.1,92.9976,589.803,1103.3,4581.6
11/1/1999,168.4,93.444,604.237,1110.7,4600.6
12/1/1999,168.8,94.1555,628.121,1122.2,4628.1
1/1/2000,169.3,94.1717,618.603,1122.2,4656.3
2/1/2000,170,94.4329,602.285,1108.6,4669.6
3/1/2000,171,94.7926,600.018,1107.5,4700.4
4/1/2000,170.9,95.4898,601.789,1115.6,4756.2
5/1/2000,171.2,95.6421,604.233,1104.9,4743.7
6/1/2000,172.2,95.7364,605.473,1102.6,4761.5
7/1/2000,172.7,95.5982,606.453,1103.5,4779
8/1/2000,172.7,95.3172,605.651,1100.2,4807.2
9/1/2000,173.6,95.6844,606.409,1099.7,4842.8
10/1/2000,173.9,95.3974,610.39,1098.7,4858.8
11/1/2000,174.2,95.4158,611.281,1092.4,4869.7
12/1/2000,174.6,95.1619,612.766,1088.6,4914.4
1/1/2001,175.6,94.5502,616.736,1096.7,4965
2/1/2001,176,93.9755,619.425,1101.2,5003.2
3/1/2001,176.1,93.7253,622.211,1108.9,5061.1
4/1/2001,176.4,93.4567,625.428,1116.7,5125
5/1/2001,177.3,92.8842,630.352,1118.5,5121.8
6/1/2001,177.7,92.3317,632.623,1126.2,5162.1
7/1/2001,177.4,91.8098,638.38,1138.9,5192
8/1/2001,177.4,91.6849,645.828,1150.2,5225.9
9/1/2001,178.1,91.3345,671.483,1205.7,5336.5
10/1/2001,177.6,90.9389,663.791,1165.7,5323
11/1/2001,177.5,90.4853,661.227,1171,5366.5
12/1/2001,177.4,90.515,665.58,1183.2,5419.6
1/1/2002,177.7,91.0881,673.731,1190.7,5440.1
2/1/2002,178,91.0698,681.875,1190.6,5469.6
3/1/2002,178.5,91.8012,685.137,1193.3,5481.6
4/1/2002,179.3,92.1815,688.997,1186.9,5481.6
5/1/2002,179.5,92.5668,692.751,1189.3,5507.2
6/1/2002,179.6,93.4503,697.001,1193.3,5532.2
7/1/2002,180,93.2282,700.996,1199.1,5574.8
8/1/2002,180.5,93.227,702.801,1187.1,5617.3
9/1/2002,180.8,93.3597,704.272,1196.1,5641.8
10/1/2002,181.2,93.0804,710.71,1204,5686.3
11/1/2002,181.5,93.5589,712.616,1209.6,5736.3
12/1/2002,181.8,93.1088,714.044,1220.2,5757.5
1/1/2003,182.6,93.6494,719.608,1227.3,5790.4
2/1/2003,183.6,93.9475,728.914,1238.2,5826.7
3/1/2003,183.9,93.735,732.459,1239.3,5847.3
4/1/2003,183.2,93.0815,736.665,1250,5884.8
5/1/2003,182.9,93.1002,738.865,1268.8,5945.1
6/1/2003,183.1,93.2544,739.918,1281,5981.7
7/1/2003,183.7,93.6579,741.596,1287.5,6028.4
8/1/2003,184.5,93.5162,745.667,1296.4,6086.5
9/1/2003,185.1,94.0695,745.839,1297.2,6058.3
10/1/2003,184.9,94.2091,753.935,1297.8,6049.4
11/1/2003,185,94.937,754.991,1299.1,6054.5
12/1/2003,185.5,94.8627,752.96,1306.2,6052.6
1/1/2004,186.3,95.1113,756.824,1306,6061.1
2/1/2004,186.7,95.6793,763.246,1321.4,6100.2
3/1/2004,187.1,95.2063,764.406,1328.7,6136
4/1/2004,187.4,95.6346,768.08,1332.8,6177.1
5/1/2004,188.2,96.3952,770.188,1333.3,6254
6/1/2004,188.9,95.6045,775.422,1342.7,6256.3
7/1/2004,189.1,96.3379,780.963,1340.8,6270
8/1/2004,189.2,96.4107,781.823,1354.3,6296.3
9/1/2004,189.8,96.4943,786.294,1362.5,6331
10/1/2004,190.8,97.4107,792.217,1362.3,6359.2
11/1/2004,191.7,97.6207,793.882,1374.2,6385.7
12/1/2004,191.7,98.3284,787.963,1376,6404.3
1/1/2005,191.6,98.7904,793.817,1367.1,6410.6
2/1/2005,192.4,99.455,800.427,1371.1,6419
3/1/2005,193.1,99.3156,800.915,1370.8,6427.9
4/1/2005,193.7,99.4648,802.33,1358.4,6442
5/1/2005,193.6,99.597,800.439,1366,6459.2
6/1/2005,193.7,99.9838,804.953,1380.1,6491.6
7/1/2005,194.9,99.6737,806.606,1369,6523.2
8/1/2005,196.1,99.9451,808.065,1378,6556
9/1/2005,198.8,98.0824,812.429,1378.6,6589.8
10/1/2005,199.1,99.3185,816.732,1376.6,6624.1
11/1/2005,198.1,100.3282,817.475,1375.9,6640.7
12/1/2005,198.1,100.9458,815.439,1374.3,6667.4
1/1/2006,199.3,101.0637,825.173,1379.5,6709.9
2/1/2006,199.4,101.0761,832.414,1378.4,6734.2
3/1/2006,199.7,101.2742,834.047,1383.1,6748.5
4/1/2006,200.7,101.6854,835.329,1381.4,6785.6
5/1/2006,201.3,101.5801,836.974,1387.2,6792.3
6/1/2006,201.8,101.9746,836.893,1375.5,6830.2
7/1/2006,202.9,101.9374,835.001,1372.5,6871.6
8/1/2006,203.8,102.3309,834.647,1372.6,6902.3
9/1/2006,202.8,102.1204,834.227,1364.3,6929.4
10/1/2006,201.9,102.0653,837.901,1370.4,6978.8
11/1/2006,202,101.9538,840.326,1370.5,7013.6
12/1/2006,203.1,103.026,837.709,1366.4,7056.8
1/1/2007,203.437,102.4915,843.499,1371.7,7094.8
2/1/2007,204.226,103.5443,847.26,1362.9,7110.6
3/1/2007,205.288,103.7537,848.177,1366.4,7144.3
4/1/2007,205.904,104.5018,848.954,1378.2,7216.5
5/1/2007,206.755,104.5419,849.602,1381,7230.1
6/1/2007,207.234,104.5669,851.155,1368.2,7263.3
7/1/2007,207.603,104.5217,851.852,1371.9,7293.6
8/1/2007,207.667,104.7387,853.398,1376.8,7370
9/1/2007,208.547,105.1499,851.454,1375.6,7388.1
10/1/2007,209.19,104.7167,856.411,1379.6,7402.1
11/1/2007,210.834,105.3037,857.433,1371.2,7427.1
12/1/2007,211.445,105.353,847.37,1373,7457.3
1/1/2008,212.174,105.073,851.369,1377.7,7491.1
2/1/2008,212.687,104.7137,857.104,1380.4,7575.8
3/1/2008,213.448,104.4635,860.66,1388.6,7641.7
4/1/2008,213.942,103.6727,855.651,1391.5,7684.6
5/1/2008,215.208,103.085,860.678,1393.6,7696.5
6/1/2008,217.463,102.8361,863.888,1404.6,7714
7/1/2008,219.016,102.2939,871.637,1421.2,7760.4
8/1/2008,218.69,100.7209,872.297,1407.9,7775.5
9/1/2008,218.877,96.3567,936.491,1462.2,7845.5
10/1/2008,216.995,97.2844,1142.186,1474.1,7954
11/1/2008,213.153,96.0552,1480.773,1513.6,8004.6
12/1/2008,211.398,93.252,1669.269,1601.1,8181.1
1/1/2009,211.933,91.0332,1730.169,1582.8,8262.4
2/1/2009,212.705,90.4375,1590.166,1567.1,8291.7
3/1/2009,212.495,89.0085,1668.491,1578.8,8357.8
4/1/2009,212.709,88.2959,1787.713,1612,8360.8
5/1/2009,213.022,87.4078,1799.228,1617.9,8418.1
6/1/2009,214.79,87.0694,1704.012,1659,8427.7
7/1/2009,214.726,88.0285,1693.748,1662.7,8432.5
8/1/2009,215.445,89.0244,1728.132,1660.7,8432
9/1/2009,215.861,89.6975,1819.75,1665.1,8431.1
10/1/2009,216.509,89.9906,1975.372,1678.3,8458.2
11/1/2009,217.234,90.3515,2044.694,1681.3,8488.3
12/1/2009,217.347,90.6212,2017.35,1691.9,8483.4
1/1/2010,217.488,91.6849,2010.154,1674.6,8445.6
2/1/2010,217.281,92.0073,2151.018,1699.7,8495.2
3/1/2010,217.353,92.6104,2106.633,1711.9,8492.3
4/1/2010,217.403,92.96,2044.379,1699.6,8522.6
5/1/2010,217.29,94.2988,2034.558,1710.6,8577.4
6/1/2010,217.199,94.4319,2024.077,1731.7,8596.5
7/1/2010,217.605,94.836,2015.265,1724.4,8606.1
8/1/2010,217.923,95.1423,2014.724,1749.3,8656.4
9/1/2010,218.275,95.35,1981.247,1766.5,8687.4
10/1/2010,219.035,95.0991,1998.588,1780.9,8736.6
11/1/2010,219.59,95.1376,1991.198,1826.2,8757.2
12/1/2010,220.472,96.0339,2009.353,1835.8,8789.1
1/1/2011,221.187,95.9363,2057.208,1853.4,8825.8
2/1/2011,221.898,95.5147,2243.647,1872.5,8871.2
3/1/2011,223.046,96.4651,2428.273,1891.3,8915.6
4/1/2011,224.093,96.1325,2531.765,1901.4,8977.8
5/1/2011,224.806,96.3347,2590.433,1938.7,9029.1
6/1/2011,224.806,96.5889,2671.528,1956.2,9113.3
7/1/2011,225.395,97.1011,2703.588,2001.9,9301.2
8/1/2011,226.106,97.6642,2680.468,2113.8,9514.9
9/1/2011,226.597,97.6132,2656.663,2128.1,9539.5
10/1/2011,226.75,98.2931,2678.541,2140.2,9571.1
11/1/2011,227.169,98.2325,2623.193,2164.1,9612.1
12/1/2011,227.223,98.7699,2603.716,2163.5,9650.9
1/1/2012,227.842,99.3672,2647.726,2201.8,9730.2
2/1/2012,228.329,99.6443,2733.303,2209.9,9773
3/1/2012,228.807,99.1594,2684.414,2229,9817.7
4/1/2012,229.187,99.9173,2673.91,2248.8,9872.1
5/1/2012,228.713,100.0956,2635.134,2257.2,9903.7
6/1/2012,228.524,100.0478,2644.969,2277.3,9973.5
7/1/2012,228.59,100.3144,2669.48,2318.5,10046.6
8/1/2012,229.918,99.9036,2669.84,2348.9,10117.7
9/1/2012,231.015,99.8944,2616.688,2390.1,10200
10/1/2012,231.638,100.1192,2649.206,2422.5,10261.3
11/1/2012,231.249,100.61,2665.524,2421.2,10319.8
12/1/2012,231.221,100.9267,2657.234,2460.6,10445.6
1/1/2013,231.679,100.8779,2749.24,2473.3,10471.4
2/1/2013,232.937,101.4265,2874.698,2472.4,10468.3
3/1/2013,232.282,101.8186,2973.67,2480.4,10539.8
4/1/2013,231.797,101.695,3045.884,2515.8,10575.1
5/1/2013,231.893,101.7517,3139.227,2530.7,10611.3
6/1/2013,232.445,101.9486,3222.379,2531.4,10665.7
7/1/2013,232.9,101.446,3310.35,2545.8,10721.7
8/1/2013,233.456,102.1758,3419.655,2552.1,10780.1
9/1/2013,233.544,102.6774,3509.062,2584.5,10832.5
10/1/2013,233.669,102.5438,3630.758,2623,10945.4
11/1/2013,234.1,102.8625,3702.166,2623.1,10953.1
12/1/2013,234.719,103.1747,3685.395,2664.4,11015.7
1/1/2014,235.288,102.7053,3733.589,2696.4,11066.2
2/1/2014,235.547,103.6016,3869.626,2726.4,11148.7
3/1/2014,236.028,104.5893,3925.88,2754.8,11190.3
4/1/2014,236.468,104.7423,3965.202,2778.6,11246.7
5/1/2014,236.918,105.0571,3932.539,2795.2,11314.4
6/1/2014,237.231,105.4084,3970.973,2829.5,11366.6
7/1/2014,237.498,105.5609,4009.08,2841.6,11427.8
8/1/2014,237.46,105.4797,4097.276,2802.9,11457.1
9/1/2014,237.477,105.7908,4072.188,2862.2,11492
10/1/2014,237.43,105.8154,4041.445,2868.8,11552.4
11/1/2014,236.983,106.663,3848.142,2884.9,11591.5
12/1/2014,236.252,106.5032,3898.571,2940.7,11670.1
1/1/2015,234.718,105.8772,4019.999,2941,11733.2
2/1/2015,235.236,105.4193,3866.786,3007.1,11852.4
3/1/2015,236.005,105.0856,4081.658,2999.6,11868.8
4/1/2015,236.156,104.5604,4089.282,3000.9,11916.1
5/1/2015,236.974,104.0675,3959.169,2986.6,11947.6
6/1/2015,237.684,103.6891,3951.298,3020,11993.1
7/1/2015,238.053,104.2443,3989.687,3039.7,12045.3
8/1/2015,238.028,104.1318,4003.503,3028.5,12096.8
9/1/2015,237.506,103.7281,4049.765,3044.2,12153.8
10/1/2015,237.781,103.3569,4099.142,3018.6,12187.7
11/1/2015,238.016,102.7323,4026.138,3081.7,12277.4
12/1/2015,237.817,102.2696,3816.145,3094.9,12335.9
1/1/2016,237.833,103.0314,3779.861,3099,12461.3
2/1/2016,237.469,102.3429,3908.947,3130.4,12533.5
3/1/2016,238.038,101.5415,3926.824,3151.1,12595.2
4/1/2016,238.827,101.7479,3912.355,3200.3,12684.8
5/1/2016,239.464,101.6011,3858.6,3238.7,12750.9
6/1/2016,240.167,101.9476,3846.348,3245.7,12819.4
7/1/2016,240.15,102.1435,3788.929,3247.9,12880.6
8/1/2016,240.602,102.0654,3843.108,3315.1,12968
9/1/2016,241.051,101.9304,3750.188,3326.5,13031.3
10/1/2016,241.691,102.0557,3608.149,3335.7,13105.2
11/1/2016,242.029,101.8293,3649.042,3354.1,13178.4
12/1/2016,242.772,102.7877,3509.874,3342.4,13209.6
1/1/2017,243.78,102.5393,3594.328,3390.9,13282.3
2/1/2017,243.961,102.1574,3781.494,3404.7,13340
3/1/2017,243.749,102.7236,3887.717,3445.5,13405.3
4/1/2017,244.051,103.7148,3853.027,3454.2,13470.4
5/1/2017,243.962,103.7121,3797.079,3517.3,13521.3
6/1/2017,244.182,103.771,3797.151,3525.9,13551.6
7/1/2017,244.39,103.6206,3803.323,3550.9,13617.1
8/1/2017,245.297,103.1956,3929.042,3580.7,13672
9/1/2017,246.418,103.176,3886.075,3574.2,13717.9
10/1/2017,246.587,104.7647,3871.663,3606.7,13779.8
11/1/2017,247.332,105.2943,3925.692,3630.6,13809.9
12/1/2017,247.901,105.7698,3823.708,3612,13851.9
1/1/2018,248.884,105.4371,3825.077,3653.2,13867.7
2/1/2018,249.369,105.9166,3891.241,3622.5,13890.4
3/1/2018,249.498,106.4488,3833.319,3656.4,13941.1
4/1/2018,249.956,107.6624,3756.052,3660.3,13974.1
5/1/2018,250.646,106.7781,3695.453,3654.7,14035.2
6/1/2018,251.134,107.4443,3676.642,3655,14107.5
7/1/2018,251.597,107.8948,3631.096,3676.8,14148.5
8/1/2018,251.879,108.8232,3603.593,3679.7,14190.4
9/1/2018,252.01,109.02,3572.161,3703.4,14224.9
10/1/2018,252.794,109.3289,3560.108,3718.7,14250.9
11/1/2018,252.76,109.9836,3492.731,3695.2,14276.5
12/1/2018,252.723,110.0826,3372.911,3744,14387.7
1/1/2019,252.673,109.4447,3342.842,3737.1,14465.7
